Title,Price
Tipping the Velvet,£53.74
Forever and Forever: The Courtship of Henry Longfellow and Fanny Appleton,£29.69
A Flight of Arrows (The Pathfinders #2),£55.53
The House by the Lake,£36.95
Mrs. Houdini,£30.25
The Marriage of Opposites,£28.08
Glory over Everything: Beyond The Kitchen House,£45.84
"Love, Lies and Spies",£20.55
A Paris Apartment,£39.01
Lilac Girls,£17.28
The Constant Princess (The Tudor Court #1),£16.62
The Invention of Wings,£37.34
World Without End (The Pillars of the Earth #2),£32.97
The Passion of Dolssa,£28.32
Girl With a Pearl Earring,£26.77
Voyager (Outlander #3),£21.07
The Red Tent,£35.66
The Last Painting of Sara de Vos,£55.55
The Guernsey Literary and Potato Peel Pie Society,£49.53
Girl in the Blue Coat,£46.83
Between Shades of Gray,£20.79
While You Were Mine,£41.32
The Secret Healer,£34.56
Starlark,£25.83
Lost Among the Living,£27.70
A Spy's Devotion (The Regency Spies of London #1),£16.97
